stimulus_concept,category,subcategory,n_responses,binary_mean,binary_n_correct,judged_mean,judged_sd,judged_median,judged_prop_0,judged_prop_1,judged_prop_2,judged_prop_3,cosine_mean,cosine_sd,cosine_median,cosine_q25,cosine_q75
sleep,action,action,1566,0.3212005108556833,503,2.203065134099617,0.7075247260183648,2,0.05108556832694764,0.015964240102171137,0.611749680715198,0.3212005108556833,0.8754355139014255,0.08190295355702905,0.8547196984291074,0.8547196984291074,0.92513370513916
eat,action,action,1127,0.4259094942324756,480,1.3283052351375333,1.4655690348509531,0,0.5368234250221828,0.023957409050576754,0.013309671694764862,0.4259094942324756,0.7813650101582119,0.1368955734595419,0.767694354057312,0.6550552546977995,0.8910180032253265
water,noun,inanimate,923,0.0866738894907909,80,0.26977248104008666,0.8510722165657949,0,0.9068255687973997,0.0032502708559046588,0.0032502708559046588,0.0866738894907909,0.6668139752748861,0.14354794121297726,0.6512791961431506,0.542064543813467,0.720015302300453
meat,noun,inanimate,971,0,0,0.02059732234809475,0.16864546339205125,0,0.9835221421215242,0.012358393408856848,0.004119464469618949,0,0.6398077008044774,0.07698883341967178,0.6939910650253295,0.5829187631607055,0.6950094252824786
child,noun,people,1040,0.01730769230769231,18,0.16538461538461538,0.5833376520656497,0,0.9182692307692307,0.015384615384615385,0.04903846153846154,0.01730769230769231,0.5966434906273768,0.10072990288874013,0.5747098326683044,0.5399610958993435,0.602004289627075
snake,noun,animal,827,0.13301088270858524,110,0.4014510278113664,1.0207995837941775,0,0.8657799274486094,0,0.0012091898428053204,0.13301088270858524,0.5963146116429718,0.16628885967445706,0.5215721018612385,0.5086060739122331,0.588804803788662
tiger,noun,animal,1036,0.015444015444015444,16,0.19401544401544402,0.5031330782678101,0,0.8388030888030888,0.1438223938223938,0.0019305019305019305,0.015444015444015444,0.5929377693179269,0.08962481695360258,0.5735464468598365,0.5331068467348814,0.632961094379425
bad,property,adjective,1105,9.049773755656109e-4,1,0.6009049773755656,0.4972743598555716,1,0.40180995475113124,0.5963800904977375,9.049773755656109e-4,9.049773755656109e-4,0.586774175370659,0.05551979011190486,0.5797647535800935,0.5706431418657305,0.58554245531559
fruit,noun,inanimate,989,0,0,0.006066734074823054,0.07769190420695514,0,0.993933265925177,0.006066734074823054,0,0,0.5790139972858667,0.05508243359441251,0.593066908419132,0.5290345586836338,0.6275739669799805
cut,action,action,784,0.08035714285714286,63,0.30739795918367346,0.8463859701811324,0,0.8635204081632653,0.04591836734693878,0.01020408163265306,0.08035714285714286,0.5745301863208697,0.13186865238430623,0.5200643911957741,0.50209666416049,0.575638934969902
hunt,action,action,854,0.00936768149882904,8,0.059718969555035126,0.3457230433277478,0,0.9625292740046838,0.02459016393442623,0.00351288056206089,0.00936768149882904,0.5710325032778201,0.07226975664650478,0.556516759097576,0.5206410307437181,0.612968996167183
fire,noun,inanimate,836,0.014354066985645933,12,0.056220095693779906,0.3732967795623311,0,0.972488038277512,0.013157894736842105,0,0.014354066985645933,0.5699253260071254,0.07734751386151005,0.5554623380303385,0.526508454233408,0.5930842459201815
dull,property,adjective,824,0.0012135922330097086,1,0.25970873786407767,0.6744984456738118,0,0.8701456310679612,0.0012135922330097086,0.12742718446601942,0.0012135922330097086,0.5566492274522088,0.09540588448130136,0.5194763168692589,0.5035808586981148,0.5658007618039844
pound,action,action,840,0.0011904761904761906,1,0.33214285714285713,0.4787898716435945,0,0.6702380952380952,0.32857142857142857,0,0.0011904761904761906,0.5558996348236596,0.052255995267663516,0.5487747862935066,0.5112660452723503,0.5999922156333926
that,demonstrative,demonstrative,849,0,0,0,0,0,1,0,0,0,0.5546714142181541,0.05278177277841508,0.5474082566797733,0.5210603303276002,0.5841469690203664
this,demonstrative,demonstrative,850,0,0,0,0,0,1,0,0,0,0.5504081098613448,0.06345628894459898,0.5403606258332729,0.5004519969370449,0.578866556286812
deer,noun,animal,903,0.0011074197120708748,1,0.3554817275747508,0.762835739358248,0,0.8194905869324474,0.006644518272425249,0.17275747508305647,0.0011074197120708748,0.5461754992486277,0.07014496010114447,0.5139353414997458,0.5017285072244704,0.5463101211935282
hide,action,action,945,0,0,0,0,0,1,0,0,0,0.5414559903413093,0.032946674437163655,0.5415911450982094,0.5190700516104698,0.56728857755661
big,property,adjective,906,0.006622516556291391,6,0.026490066225165563,0.2646048621064669,0,0.9889624724061811,0.002207505518763797,0.002207505518763797,0.006622516556291391,0.5405541478091846,0.05410369168375327,0.5317007005214691,0.5131293963640928,0.5593676678836345
one,property,quantifier,819,0,0,0,0,0,1,0,0,0,0.5402729614141746,0.04062943802585214,0.5432638116180897,0.5098465238697827,0.5596470795571805
good,property,adjective,900,0,0,0.03888888888888889,0.19910503007734662,0,0.9622222222222222,0.03666666666666667,0.0011111111111111111,0,0.5384601001691753,0.04195921189291608,0.5216557011008263,0.5191580560058355,0.5519630163908005
small,property,adjective,933,0.004287245444801715,4,0.013933547695605574,0.19875919791375393,0,0.9946409431939979,0.0010718113612004287,0,0.004287245444801715,0.5365648714871083,0.045671909909682694,0.532072901725769,0.5160308424383402,0.5478972345590591
cook,action,action,778,0.014138817480719794,11,0.04627249357326478,0.35934695206442957,0,0.9820051413881749,0.0038560411311053984,0,0.014138817480719794,0.5345182865525776,0.06926511453182038,0.515526840928942,0.49656510300701484,0.5423090979456902
rock,noun,inanimate,848,0.0011792452830188679,1,0.003537735849056604,0.10302042296151677,0,0.9988207547169812,0,0,0.0011792452830188679,0.5335018897061798,0.04668281600865031,0.5172516098245978,0.5076330014271662,0.5557309091091155
knife,noun,inanimate,811,0,0,0.030826140567200986,0.17994974087714896,0,0.9704069050554871,0.02836004932182491,0.0012330456226880395,0,0.52798439033536,0.06817329958232596,0.5120017845183611,0.49359717266634107,0.5401275604963303
gather,action,action,768,0,0,0.0078125,0.08809977897851153,0,0.9921875,0.0078125,0,0,0.5232384152276504,0.03749896418523489,0.5210066121071577,0.4952933471649885,0.5449910890311003
man,noun,people,786,0.003816793893129771,3,0.015267175572519083,0.19489273186530912,0,0.9923664122137404,0.003816793893129771,0,0.003816793893129771,0.5230860209560894,0.0687064191784864,0.5170015748590231,0.49233993887901306,0.5277951415628195
sharp,property,adjective,807,0,0,0,0,0,1,0,0,0,0.5157602143983162,0.02969267728346414,0.5132305920124054,0.49619509372860193,0.5284995846450329
woman,noun,people,847,0.0011806375442739079,1,0.012987012987012988,0.16437122424051265,0,0.9929161747343566,0.0023612750885478157,0.0035419126328217238,0.0011806375442739079,0.5139106271556011,0.05757510547514801,0.5035257120616734,0.48990808986127377,0.5209250394254923
many,property,quantifier,807,0,0,0.0012391573729863693,0.03520166719043814,0,0.9987608426270136,0.0012391573729863693,0,0,0.5104376441763012,0.030638759073362238,0.5046062185429037,0.49407417443580925,0.5158549025654793
